<?xml version="1.0" encoding="UTF-8"?>
<metadata xml:lang="en"><Esri><CreaDate>20211013</CreaDate><CreaTime>21560000</CreaTime><ArcGISFormat>1.0</ArcGISFormat><SyncOnce>TRUE</SyncOnce><RematchLocator>CAMS_POINTS<Category Locator="Review">Address</Category><Description Locator="Review">US Single House Addresses</Description><MinimumMatchScore Locator="Review">85</MinimumMatchScore><SpellingSensitivity Locator="Review">80</SpellingSensitivity><MatchIfScoresTie Locator="Review">true</MatchIfScoresTie><WriteXYCoordFields Locator="Review">true</WriteXYCoordFields><WriteDispXDispYFields Locator="Review">false</WriteDispXDispYFields><WriteStandardizedAddressField Locator="Review">false</WriteStandardizedAddressField><WriteReferenceIDField Locator="Review">true</WriteReferenceIDField><WriteLocatorSpecificFields Locator="Review">false</WriteLocatorSpecificFields><WriteAdditionalOutputFields Locator="Review">true</WriteAdditionalOutputFields><WriteDisplayExtentFields Locator="Review">false</WriteDisplayExtentFields><WritePercentAlongField Locator="Review">false</WritePercentAlongField><ShowElapsedTime Locator="Review">false</ShowElapsedTime><reportScorePerComponent Locator="Review">false</reportScorePerComponent><MaxCandidates Locator="Review">200</MaxCandidates><MaxPerfectCandidates Locator="Review">200</MaxPerfectCandidates><SearchTimeout Locator="Review">1</SearchTimeout><OutColumns Locator="Review">Shape</OutColumns><OutColumns Locator="Review">Status</OutColumns><OutColumns Locator="Review">Score</OutColumns><OutColumns Locator="Review">Match_addr</OutColumns><OutColumns Locator="Review">Side</OutColumns><OutColumns Locator="Review">Ref_ID</OutColumns><OutColumns Locator="Review">X</OutColumns><OutColumns Locator="Review">Y</OutColumns><OutColumns Locator="Review">User_fld</OutColumns><OutColumns Locator="Review">Addr_type</OutColumns><MaxSuggestCandidates Locator="Review">10</MaxSuggestCandidates><MinimumCandidateScore Locator="Review">75</MinimumCandidateScore><StorageSegmentSizeKB Locator="Review">128</StorageSegmentSizeKB><supportsEmptyHouseNumber Locator="Review">false</supportsEmptyHouseNumber><supportsWeightedHouseNumber Locator="Review">true</supportsWeightedHouseNumber><supportsSubAddress Locator="Review">false</supportsSubAddress><supportsHouseNoUnit Locator="Review">true</supportsHouseNoUnit><supportsIntersections Locator="Review">false</supportsIntersections><supportsOptionalZone Locator="Review">true</supportsOptionalZone><StoreStandardizedRefData Locator="Review">true</StoreStandardizedRefData><GeometryFromDisplayFields Locator="Review">false</GeometryFromDisplayFields><RuntimeMemoryLimit Locator="Review">512000000</RuntimeMemoryLimit><BatchPresortInputs Locator="Review">State</BatchPresortInputs><BatchPresortInputs Locator="Review">ZIP</BatchPresortInputs><BatchPresortInputs Locator="Review">City</BatchPresortInputs><CLSID Locator="Review">{DA70B7E3-10B2-42E3-BFF7-6C81355862BC}</CLSID><LocatorWorkspaceString Locator="Review">ProgID = esriDataSourcesFile.ShapefileWorkspaceFactory; Path = ..\locator</LocatorWorkspaceString><LocFileUseUTF8 Locator="Review">True</LocFileUseUTF8><RebuildStartTime Locator="Review">132481519474150000</RebuildStartTime><RebuildStartTimeAscii Locator="Review">2:12:27 AM</RebuildStartTimeAscii><SafeLocatorName Locator="Review">CAMS_POINTS</SafeLocatorName><UICLSID Locator="Review">{AE5A3A0E-F756-11D2-9F4F-00C04F8ED1C4}</UICLSID><UseMultithreading Locator="Review">True</UseMultithreading><UseSuggestions Locator="Review">True</UseSuggestions><SearchDistance Locator="Review">20</SearchDistance><SearchDistanceUnits Locator="Review">Meters</SearchDistanceUnits><UseRelativePaths Locator="Review">true</UseRelativePaths><InTable Locator="Review">::</InTable><InKeyColumns Locator="Review">::</InKeyColumns><InColumns Locator="Review">IN_Street</InColumns><InColumns Locator="Review">IN_City</InColumns><InColumns Locator="Review">IN_State</InColumns><InColumns Locator="Review">IN_ZIP</InColumns><OutTable Locator="Review">::</OutTable><OutKeyColumns Locator="Review">::</OutKeyColumns><NumThreads Locator="Review">1</NumThreads></RematchLocator><DataProperties><lineage><Process ToolSource="c:\program files\arcgis\pro\Resources\ArcToolbox\toolboxes\Geocoding Tools.tbx\GeocodeAddresses" Date="20211013" Time="215600">GeocodeAddresses sample_addresses.csv locator/CAMS_POINTS.loc "'Street or Intersection' street VISIBLE NONE;'City or Placename' city VISIBLE NONE;State state VISIBLE NONE;'ZIP Code' zipcode VISIBLE NONE" shp\sample_results.shp STATIC # # # #</Process></lineage></DataProperties></Esri></metadata>
